{
  "n_features": 146,
  "n_games": 41255,
  "top_20": [
    [
      "mkt_spread",
      5.2495,
      30.920000076293945
    ],
    [
      "elo_diff",
      0.8429,
      4.96999979019165
    ],
    [
      "ref_home_whistle",
      0.4628,
      2.7300000190734863
    ],
    [
      "orb_pct_diff",
      0.2391,
      1.409999966621399
    ],
    [
      "threepct_diff",
      0.2316,
      1.3600000143051147
    ],
    [
      "roll_dominance_diff",
      0.1886,
      1.1100000143051147
    ],
    [
      "ato_diff",
      0.183,
      1.0800000429153442
    ],
    [
      "crowd_pct",
      0.1814,
      1.0700000524520874
    ],
    [
      "blocks_diff",
      0.1715,
      1.0099999904632568
    ],
    [
      "fatigue_x_quality",
      0.1624,
      0.9599999785423279
    ],
    [
      "three_rate_diff",
      0.1621,
      0.949999988079071
    ],
    [
      "twopt_diff",
      0.148,
      0.8700000047683716
    ],
    [
      "roll_ats_margin_gated",
      0.1461,
      0.8600000143051147
    ],
    [
      "assist_rate_diff",
      0.1379,
      0.8100000023841858
    ],
    [
      "opp_orb_pct_diff",
      0.1268,
      0.75
    ],
    [
      "drb_pct_diff",
      0.1187,
      0.699999988079071
    ],
    [
      "fg_divergence_diff",
      0.1172,
      0.6899999976158142
    ],
    [
      "pit_sos_diff",
      0.117,
      0.6899999976158142
    ],
    [
      "roll_bench_pts_diff",
      0.1094,
      0.6399999856948853
    ],
    [
      "pace_adj_margin_diff",
      0.1093,
      0.6399999856948853
    ]
  ],
  "new_features": [
    [
      "fg_divergence_diff",
      0.1172,
      0.6899999976158142
    ],
    [
      "margin_autocorr_diff",
      0.0835,
      0.49000000953674316
    ],
    [
      "blowout_asym_diff",
      0.0816,
      0.47999998927116394
    ],
    [
      "def_improvement_diff",
      0.073,
      0.4300000071525574
    ],
    [
      "dow_effect_diff",
      0.0708,
      0.41999998688697815
    ],
    [
      "ft_pressure_diff",
      0.0691,
      0.4099999964237213
    ],
    [
      "rhythm_disruption_diff",
      0.0686,
      0.4000000059604645
    ],
    [
      "sos_trajectory_diff",
      0.0678,
      0.4000000059604645
    ],
    [
      "clutch_over_exp_diff",
      0.0565,
      0.33000001311302185
    ],
    [
      "fouls_diff",
      0.052,
      0.3100000023841858
    ],
    [
      "pts_off_to_diff",
      0.0449,
      0.25999999046325684
    ],
    [
      "games7_diff",
      0.0439,
      0.25999999046325684
    ],
    [
      "eff_vol_diff",
      0.0438,
      0.25999999046325684
    ],
    [
      "anti_fragility_diff",
      0.0427,
      0.25
    ],
    [
      "run_vulnerability_diff",
      0.0415,
      0.23999999463558197
    ],
    [
      "revenge_margin",
      0.0394,
      0.23000000417232513
    ],
    [
      "def_rest_advantage",
      0.0349,
      0.20999999344348907
    ],
    [
      "conf_balance_diff",
      0.0082,
      0.05000000074505806
    ],
    [
      "luck_x_spread",
      0.0072,
      0.03999999910593033
    ],
    [
      "is_sandwich",
      0.0069,
      0.03999999910593033
    ],
    [
      "is_revenge_game",
      0.0028,
      0.019999999552965164
    ]
  ],
  "new_features_total_pct": 6.21999979019165
}